{
  "templateName": "default",
  "dataspec": [
    { "field": "logo", "description": "Description" },
    { "field": "hero_image", "description": "Description" },
    { "field": "hero_header", "description": "Description" },
    { "field": "hero_header_small", "description": "Description" },
    { "field": "about_image", "description": "Description" },
    { "field": "about_header", "description": "Description" },
    { "field": "about_text", "description": "Description" },
    { "field": "about_text_2", "description": "Description" },
    { "field": "vision_header", "description": "Description" },
    { "field": "vision_text", "description": "Description" },
    { "field": "service_header", "description": "Description" },
    { "field": "service_text", "description": "Description" },
    { "field": "service_1_image", "description": "Description" },
    { "field": "service_1_header", "description": "Description" },
    { "field": "service_1_text", "description": "Description" },
    { "field": "service_2_image", "description": "Description" },
    { "field": "service_2_header", "description": "Description" },
    { "field": "service_2_text", "description": "Description" },
    { "field": "service_3_image", "description": "Description" },
    { "field": "service_3_header", "description": "Description" },
    { "field": "service_3_text", "description": "Description" },
    { "field": "contact_header", "description": "Description" },
    { "field": "location_text", "description": "Description" },
    { "field": "email", "description": "Description" },
    { "field": "phone_1", "description": "Description" },
    { "field": "phone_2", "description": "Description" },
    { "field": "google_map_url", "description": "Description" },
    { "field": "faq", "description": "Description" },
    { "field": "footer_text", "description": "Description" }
  ]
}
